title,description
task 01,task 01 description
task 02,task 02 description
task 03,task 03 description
task 04,task 04 description
task 05,task 05 description
task 06,task 06 description
task 07,task 07 description
task 08,task 08 description
task 09,task 09 description
task 10,task 10 description
task 11,task 11 description
task 12,task 12 description
task 13,task 13 description
task 14,task 14 description
task 15,task 15 description
task 16,task 16 description
task 17,task 17 description
task 18,task 18 description
task 19,task 19 description
task 20,task 20 description
task 21,task 21 description
task 22,task 22 description
task 23,task 23 description
task 24,task 24 description
task 25,task 25 description
task 26,task 26 description
task 27,task 27 description
task 28,task 28 description
task 29,task 29 description
task 30,task 30 description
task 31,task 31 description
task 32,task 32 description
task 33,task 33 description
task 34,task 34 description
task 35,task 35 description
task 36,task 36 description
task 37,task 37 description
task 38,task 38 description
task 39,task 39 description
task 40,task 40 description
task 41,task 41 description
task 42,task 42 description
task 43,task 43 description
task 44,task 44 description
task 45,task 45 description
task 46,task 46 description
task 47,task 47 description
task 48,task 48 description
task 49,task 49 description
task 50,task 50 description